openalex_id,doi,,title,publisher,journal,journal_id,journal_type,journal_issn_l,journal_issn_json,publication_date,publication_year,work_type,cited_by_count,citation_normalized_percentile,pdf_url,open_access,author_count,first_author,authors_display,authors_json,source,priority,download_status,landing_attempted,landing_success,landing_state,landing_url,landing_title,browser_session_mode,browser_session_source,browser_profile_name,browser_user_data_dir,scheduler_publisher,scheduled_start_ms,actual_start_ms,pacing_wait_ms,pacing_jitter_sec,final_status,final_reason,final_pdf_exists,final_pdf_path,last_failure_stage,last_failure_mode,last_failure_output_dir,last_failure_evidence_json
https://openalex.org/W4210657857,10.1115/imece2021-73728,https://doi.org/10.1115/imece2021-73728,Effect of LiNbO3 Coating on Capacity and Cycling of Nickel-Rich NMC Cathode Active Material,,,,,,[],2021.11.1,2021,article,3,0.53177167,,FALSE,6,Dominic Frisone,Dominic Frisone; M. Amiriyan; Eman Hassan; Joshua Dunham; Rashid Farahati; Siamak Farhad,"[{""display_name"": ""Dominic Frisone"", ""id"": ""https://openalex.org/A5053795979"", ""orcid"": null, ""author_position"": ""first"", ""is_corresponding"": true}, {""display_name"": ""M. Amiriyan"", ""id"": ""https://openalex.org/A5073158914"", ""orcid"": null, ""author_position"": ""middle"", ""is_corresponding"": false}, {""display_name"": ""Eman Hassan"", ""id"": ""https://openalex.org/A5016436600"", ""orcid"": null, ""author_position"": ""middle"", ""is_corresponding"": false}, {""display_name"": ""Joshua Dunham"", ""id"": ""https://openalex.org/A5049223852"", ""orcid"": null, ""author_position"": ""middle"", ""is_corresponding"": false}, {""display_name"": ""Rashid Farahati"", ""id"": ""https://openalex.org/A5017551378"", ""orcid"": null, ""author_position"": ""middle"", ""is_corresponding"": false}, {""display_name"": ""Siamak Farhad"", ""id"": ""https://openalex.org/A5061550343"", ""orcid"": ""https://orcid.org/0000-0002-5810-166X"", ""author_position"": ""last"", ""is_corresponding"": false}]",Overall Top Citation,2,FAIL_NO_CANDIDATE,TRUE,TRUE,success_landing,https://asmedigitalcollection.asme.org/IMECE/proceedings-abstract/IMECE2021/85635/V08AT08A043/1132892,Effect of LiNbO3 Coating on Capacity and Cycling of Nickel-Rich NMC Cathode Active Material | IMECE | ASME Digital Collection,temp,temp,Default,/tmp/seyong/download_runtime_profiles/argyrodite_full_run_20260312/pid_73558.pdf/temp/10.1115_imece2021-73728.pdf,10.1115,1.77331E+12,1.77331E+12,0,1.234,Failed,FAIL_ACCESS_RIGHTS,FALSE,,landing,first,/Users/seyong/Desktop/SNU/26W_MDIL_Intern/paper_search/paper_download/outputs/argyrodite_rsc_and_failures_headless_rerun_20260313_pass3_resume,"[""keyword=access_rights_required_hard"", ""{\""trace\"": [{\""strategy\"": \""api\"", \""reason\"": \""FAIL_TIMEOUT/NETWORK\"", \""evidence\"": [\""Publisher is Not recognized or Not supported, cannot use API method.\""]}]}""]"
https://openalex.org/W4210755743,10.1115/imece2021-73735,https://doi.org/10.1115/imece2021-73735,Effect of Pressure and Temperature on the Performance of Argyrodite Li6PS5Cl0.5Br0.5 Electrolyte for All-Solid-State Lithium Battery,,,,,,[],2021.11.1,2021,article,3,0.53187691,,FALSE,7,Joshua Dunham,Joshua Dunham; Dominic Frisone; M. Amiriyan; Eman Hassan; Jung Feng Hu; Rashid Farahati; Siamak Farhad,"[{""display_name"": ""Joshua Dunham"", ""id"": ""https://openalex.org/A5049223852"", ""orcid"": null, ""author_position"": ""first"", ""is_corresponding"": true}, {""display_name"": ""Dominic Frisone"", ""id"": ""https://openalex.org/A5053795979"", ""orcid"": null, ""author_position"": ""middle"", ""is_corresponding"": false}, {""display_name"": ""M. Amiriyan"", ""id"": ""https://openalex.org/A5073158914"", ""orcid"": null, ""author_position"": ""middle"", ""is_corresponding"": false}, {""display_name"": ""Eman Hassan"", ""id"": ""https://openalex.org/A5016436600"", ""orcid"": null, ""author_position"": ""middle"", ""is_corresponding"": false}, {""display_name"": ""Jung Feng Hu"", ""id"": ""https://openalex.org/A5027721267"", ""orcid"": null, ""author_position"": ""middle"", ""is_corresponding"": false}, {""display_name"": ""Rashid Farahati"", ""id"": ""https://openalex.org/A5017551378"", ""orcid"": null, ""author_position"": ""middle"", ""is_corresponding"": false}, {""display_name"": ""Siamak Farhad"", ""id"": ""https://openalex.org/A5061550343"", ""orcid"": ""https://orcid.org/0000-0002-5810-166X"", ""author_position"": ""last"", ""is_corresponding"": false}]",Overall Top Citation,2,FAIL_NO_CANDIDATE,TRUE,TRUE,success_landing,https://asmedigitalcollection.asme.org/IMECE/proceedings-abstract/IMECE2021/85635/V08AT08A044/1132910,Effect of Pressure and Temperature on the Performance of Argyrodite Li6PS5Cl0.5Br0.5 Electrolyte for All-Solid-State Lithium Battery | IMECE | ASME Digital Collection,temp,temp,Default,/tmp/seyong/download_runtime_profiles/argyrodite_full_run_20260312/pid_73558.pdf/temp/10.1115_imece2021-73735.pdf,10.1115,1.77332E+12,1.77332E+12,1,1.254,Failed,FAIL_ACCESS_RIGHTS,FALSE,,landing,first,/Users/seyong/Desktop/SNU/26W_MDIL_Intern/paper_search/paper_download/outputs/argyrodite_rsc_and_failures_headless_rerun_20260313_pass3_resume,"[""keyword=access_rights_required_hard"", ""{\""trace\"": [{\""strategy\"": \""api\"", \""reason\"": \""FAIL_TIMEOUT/NETWORK\"", \""evidence\"": [\""Publisher is Not recognized or Not supported, cannot use API method.\""]}]}""]"
https://openalex.org/W1537426400,10.17146/jsmi.2010.0.0.94,https://doi.org/10.17146/jsmi.2010.0.0.94,PREPARATION AND CHARACTERISATION OF LITHIUM ARGYRODITE ELECTROLYTES,Indonesian Journal of Materials Science,Indonesian Journal of Materials Science,https://openalex.org/S4306513157,journal,,[],2010.12.1,2010,article,1,0.51204433,,FALSE,2,R. Prasada Rao,R. Prasada Rao; Stefan Adams,"[{""display_name"": ""R. Prasada Rao"", ""id"": ""https://openalex.org/A5020388351"", ""orcid"": ""https://orcid.org/0000-0002-4022-2340"", ""author_position"": ""first"", ""is_corresponding"": true}, {""display_name"": ""Stefan Adams"", ""id"": ""https://openalex.org/A5050140273"", ""orcid"": ""https://orcid.org/0000-0003-0710-135X"", ""author_position"": ""last"", ""is_corresponding"": false}]",Overall Top Citation,2,FAIL_DOI_NOT_FOUND,TRUE,FALSE,doi_not_found,https://doi.org/10.17146/jsmi.2010.0.0.94,Error: DOI Not Found,temp,temp,Default,/tmp/seyong/download_runtime_profiles/argyrodite_full_run_20260312/pid_73569.pdf/temp/10.17146_jsmi.2010.0.0.94.pdf,10.17146,1.77331E+12,1.77331E+12,0,1.395,Failed,FAIL_TIMEOUT/NETWORK,FALSE,,landing,first,/Users/seyong/Desktop/SNU/26W_MDIL_Intern/paper_search/paper_download/outputs/argyrodite_rsc_and_failures_headless_rerun_20260313_pass3_resume,"[""unresolved_doi_landing=https://doi.org/10.17146/jsmi.2010.0.0.94"", ""title=Error: DOI Not Found"", ""{\""trace\"": [{\""strategy\"": \""api\"", \""reason\"": \""FAIL_TIMEOUT/NETWORK\"", \""evidence\"": [\""Publisher is Not recognized or Not supported, cannot use API method.\""]}]}""]"
https://openalex.org/W2314595919,10.3850/978-981-09-1137-9_154,https://doi.org/10.3850/978-981-09-1137-9_154,All-Solid-State Lithium Batteries Using Li6PS5Br Solid Electrolyte,,,,,,[],2014.1.1,2014,article,0,0.18495378,,FALSE,3,Maohua Chen,Maohua Chen; R. Prasada Rao; Stefan Adams,"[{""display_name"": ""Maohua Chen"", ""id"": ""https://openalex.org/A5101956758"", ""orcid"": ""https://orcid.org/0000-0001-7393-4523"", ""author_position"": ""first"", ""is_corresponding"": true}, {""display_name"": ""R. Prasada Rao"", ""id"": ""https://openalex.org/A5020388351"", ""orcid"": ""https://orcid.org/0000-0002-4022-2340"", ""author_position"": ""middle"", ""is_corresponding"": false}, {""display_name"": ""Stefan Adams"", ""id"": ""https://openalex.org/A5050140273"", ""orcid"": ""https://orcid.org/0000-0003-0710-135X"", ""author_position"": ""last"", ""is_corresponding"": false}]",Overall Top Citation,2,FAIL_NO_CANDIDATE,TRUE,TRUE,success_landing,https://rpsonline.com.sg/proceedings/9789810911379/html/154.xml,rpsonline.com.sg/proceedings/9789810911379/html/154.xml,temp,temp,Default,/tmp/seyong/download_runtime_profiles/argyrodite_full_run_20260312/pid_73558.pdf/temp/10.3850_978-981-09-1137-9_154.pdf,10.385,1.77332E+12,1.77332E+12,0,1.187,Failed,FAIL_NO_CANDIDATE,FALSE,,drission,first,/Users/seyong/Desktop/SNU/26W_MDIL_Intern/paper_search/paper_download/outputs/argyrodite_rsc_and_failures_headless_rerun_20260313_pass3_resume,"[""pdf_link_not_found_or_download_failed"", ""{\""trace\"": [{\""strategy\"": \""api\"", \""reason\"": \""FAIL_TIMEOUT/NETWORK\"", \""evidence\"": [\""Publisher is Not recognized or Not supported, cannot use API method.\""]}]}""]"
https://openalex.org/W3148082188,10.3365/kjmm.2021.59.4.247,https://doi.org/10.3365/kjmm.2021.59.4.247,Structure and Ion Conductivity Study of Argyrodite (Li5.5PS4.5Cl1.5) according to Cooling Method,The Korean Institute of Metals and Materials,Korean Journal of Metals and Materials,https://openalex.org/S169751677,journal,1738-8228,"[""1738-8228"", ""2288-8241""]",2021.4.5,2021,article,7,0.6277423,http://kjmm.org/upload/pdf/kjmm-2021-59-4-247.pdf,TRUE,2,Sangwon Park,Sangwon Park; Jin-Woong Lee,"[{""display_name"": ""Sangwon Park"", ""id"": ""https://openalex.org/A5100644785"", ""orcid"": ""https://orcid.org/0000-0001-7819-7892"", ""author_position"": ""first"", ""is_corresponding"": true}, {""display_name"": ""Jin-Woong Lee"", ""id"": ""https://openalex.org/A5102908003"", ""orcid"": ""https://orcid.org/0000-0001-5825-8184"", ""author_position"": ""last"", ""is_corresponding"": false}]",Overall Top Citation,2,FAIL_NO_CANDIDATE,TRUE,TRUE,success_landing,https://kjmm.org/journal/view.php?doi=10.3365/KJMM.2021.59.4.247,kjmm.org/journal/view.php?doi=10.3365/KJMM.2021.59.4.247,temp,temp,Default,/tmp/seyong/download_runtime_profiles/argyrodite_full_run_20260312/pid_73558.pdf/temp/10.3365_kjmm.2021.59.4.247.pdf,10.3365,1.77332E+12,1.77332E+12,1,0.793,Failed,FAIL_NO_CANDIDATE,FALSE,,drission,first,/Users/seyong/Desktop/SNU/26W_MDIL_Intern/paper_search/paper_download/outputs/argyrodite_rsc_and_failures_headless_rerun_20260313_pass3_resume,"[""pdf_link_not_found_or_download_failed"", ""{\""trace\"": [{\""strategy\"": \""direct_oa_cffi\"", \""reason\"": \""FAIL_TIMEOUT/NETWORK\"", \""http_status\"": null, \""evidence\"": [\""status_code=None\"", \""content_type=\"", \""content_disposition=\"", \""content_length=None\"", \""redirect_chain=http://kjmm.org/upload/pdf/kjmm-2021-59-4-247.pdf\"", \""first_bytes=\"", \""elapsed_ms=60\"", \""strategy=cffi_baseline\"", \""phase=direct\""]}, {\""strategy\"": \""api\"", \""reason\"": \""FAIL_TIMEOUT/NETWORK\"", \""evidence\"": [\""Publisher is Not recognized or Not supported, cannot use API method.\""]}]}""]"
https://openalex.org/W4388658282,10.32737/0005-2531-2023-4-21-30,https://doi.org/10.32737/0005-2531-2023-4-21-30,THERMODYNAMIC PROPERTIES OF SOME TERNARY COMPOUNDS OF THE ARGYRODITE FAMILY,Azerbaijan Chemical Journal,Azerbaijan Chemical Journal,https://openalex.org/S4210203337,journal,0005-2531,"[""0005-2531"", ""2522-1841""]",2023.11.14,2023,article,6,0.72595682,https://doi.org/10.32737/0005-2531-2023-4-21-30,TRUE,5,I.J. Alverdiyev,I.J. Alverdiyev; S. Z. Imamaliyeva; Эльдар Иса Ахмедов; Yu. A. Yusibov; М. Б. Бабанлы,"[{""display_name"": ""I.J. Alverdiyev"", ""id"": ""https://openalex.org/A5066507802"", ""orcid"": ""https://orcid.org/0000-0003-0446-8850"", ""author_position"": ""first"", ""is_corresponding"": true}, {""display_name"": ""S. Z. Imamaliyeva"", ""id"": ""https://openalex.org/A5083324609"", ""orcid"": ""https://orcid.org/0000-0001-8193-2122"", ""author_position"": ""middle"", ""is_corresponding"": false}, {""display_name"": ""Эльдар Иса Ахмедов"", ""id"": ""https://openalex.org/A5011683566"", ""orcid"": null, ""author_position"": ""middle"", ""is_corresponding"": false}, {""display_name"": ""Yu. A. Yusibov"", ""id"": ""https://openalex.org/A5033235800"", ""orcid"": ""https://orcid.org/0000-0003-4081-6170"", ""author_position"": ""middle"", ""is_corresponding"": false}, {""display_name"": ""М. Б. Бабанлы"", ""id"": ""https://openalex.org/A5036131695"", ""orcid"": ""https://orcid.org/0000-0001-5962-3710"", ""author_position"": ""last"", ""is_corresponding"": false}]",Overall Top Citation,2,FAIL_NO_CANDIDATE,TRUE,TRUE,success_landing,https://akj.az/uploads/documents/IJAlverdiyev.pdf,akj.az/uploads/documents/IJAlverdiyev.pdf,temp,temp,Default,/tmp/seyong/download_runtime_profiles/argyrodite_full_run_20260312/pid_73558.pdf/temp/10.32737_0005-2531-2023-4-21-30.pdf,10.32737,1.77332E+12,1.77332E+12,0,1.449,Failed,FAIL_NO_CANDIDATE,FALSE,,drission,first,/Users/seyong/Desktop/SNU/26W_MDIL_Intern/paper_search/paper_download/outputs/argyrodite_rsc_and_failures_headless_rerun_20260313_pass3_resume,"[""pdf_link_not_found_or_download_failed"", ""{\""trace\"": [{\""strategy\"": \""direct_oa_cffi\"", \""reason\"": \""FAIL_TIMEOUT/NETWORK\"", \""http_status\"": null, \""evidence\"": [\""status_code=None\"", \""content_type=\"", \""content_disposition=\"", \""content_length=None\"", \""redirect_chain=https://doi.org/10.32737/0005-2531-2023-4-21-30\"", \""first_bytes=\"", \""elapsed_ms=745\"", \""strategy=cffi_baseline\"", \""phase=direct\""]}, {\""strategy\"": \""api\"", \""reason\"": \""FAIL_TIMEOUT/NETWORK\"", \""evidence\"": [\""Publisher is Not recognized or Not supported, cannot use API method.\""]}]}""]"
https://openalex.org/W4408783911,10.1103/prxenergy.4.013012,https://doi.org/10.1103/prxenergy.4.013012,"Lonesome <mml:math xmlns:mml=""http://www.w3.org/1998/Math/MathML"" display=""inline"" overflow=""scroll""><mml:mi>Ag</mml:mi></mml:math> Atoms Drive Ultralow Thermal Conductivity in Argyrodite <mml:math xmlns:mml=""http://www.w3.org/1998/Math/MathML"" display=""inline"" overflow=""scroll""><mml:msub><mml:mi>Ag</mml:mi><mml:mn>8</mml:mn></mml:msub><mml:msub><mml:mrow><mml:mi>Sn</mml:mi><mml:mi>Se</mml:mi></mml:mrow><mml:mn>6</mml:mn></mml:msub></mml:math>",American Physical Society,PRX Energy,https://openalex.org/S4387279496,journal,2768-5608,"[""2768-5608""]",2025.3.24,2025,article,4,0.86235599,,TRUE,4,Yatian Zhang,Yatian Zhang; Thomas Frauenheim; Traian Dumitrică; Zhen Tong,"[{""display_name"": ""Yatian Zhang"", ""id"": ""https://openalex.org/A5017996928"", ""orcid"": ""https://orcid.org/0000-0003-4902-2887"", ""author_position"": ""first"", ""is_corresponding"": true}, {""display_name"": ""Thomas Frauenheim"", ""id"": ""https://openalex.org/A5033437756"", ""orcid"": ""https://orcid.org/0000-0002-3073-0616"", ""author_position"": ""middle"", ""is_corresponding"": false}, {""display_name"": ""Traian Dumitrică"", ""id"": ""https://openalex.org/A5003377020"", ""orcid"": ""https://orcid.org/0000-0001-6320-1625"", ""author_position"": ""middle"", ""is_corresponding"": false}, {""display_name"": ""Zhen Tong"", ""id"": ""https://openalex.org/A5028934062"", ""orcid"": ""https://orcid.org/0000-0002-3932-6687"", ""author_position"": ""last"", ""is_corresponding"": false}]",Overall Top Citation,2,FAIL_BLOCK,TRUE,FALSE,challenge_or_block,https://journals.aps.org/prxenergy/abstract/10.1103/PRXEnergy.4.013012?__cf_chl_rt_tk=3xt2i2SqjdqEw8gsy_lpwJ637XOKG9mzNEqk1ro0k3g-1773316996-1.0.1.1-4bNUHtZfoF4SPW_hBX2la0IfPGDVPOj_cO2GVlOyE9I,Just a moment...,temp,temp,Default,/tmp/seyong/download_runtime_profiles/argyrodite_full_run_20260312/pid_73558.pdf/temp/10.1103_prxenergy.4.013012.pdf,aps,1.77332E+12,1.77332E+12,1,1.063,Failed,FAIL_BLOCK,FALSE,,landing,first,/Users/seyong/Desktop/SNU/26W_MDIL_Intern/paper_search/paper_download/outputs/argyrodite_rsc_and_failures_headless_rerun_20260313_pass3_resume,"[""url_marker=challenge_or_bot"", ""{\""trace\"": [{\""strategy\"": \""api\"", \""reason\"": \""FAIL_TIMEOUT/NETWORK\"", \""evidence\"": [\""Publisher is Not recognized or Not supported, cannot use API method.\""]}]}""]"
https://openalex.org/W3213925716,10.15125/bath-00814,https://doi.org/10.15125/bath-00814,"DFT Dataset for ""Mechanistic Origin of Superionic Lithium Diffusion in Anion-Disordered Li6PS5X Argyrodites""",University of Bath,Pure (University of Bath),https://openalex.org/S4377196294,repository,,[],2020.12.21,2020,article,3,,,TRUE,1,Benjamin J. Morgan,Benjamin J. Morgan,"[{""display_name"": ""Benjamin J. Morgan"", ""id"": ""https://openalex.org/A5070797735"", ""orcid"": ""https://orcid.org/0000-0002-3056-8233"", ""author_position"": ""first"", ""is_corresponding"": true}]",Overall Top Citation,2,FAIL_NO_CANDIDATE,TRUE,TRUE,success_landing,https://researchdata.bath.ac.uk/protocols/data-deposit-agreement/,Data Deposit Agreement - University of Bath Research Data Archive,temp,temp,Default,/tmp/seyong/download_runtime_profiles/argyrodite_full_run_20260312/pid_73558.pdf/temp/10.15125_bath-00814.pdf,10.15125,1.77332E+12,1.77332E+12,0,0.87,Failed,FAIL_NO_CANDIDATE,FALSE,,drission,first,/Users/seyong/Desktop/SNU/26W_MDIL_Intern/paper_search/paper_download/outputs/argyrodite_rsc_and_failures_headless_rerun_20260313_pass3_resume,"[""pdf_link_not_found_or_download_failed"", ""{\""trace\"": [{\""strategy\"": \""api\"", \""reason\"": \""FAIL_TIMEOUT/NETWORK\"", \""evidence\"": [\""Publisher is Not recognized or Not supported, cannot use API method.\""]}]}""]"
https://openalex.org/W4312801341,10.2139/ssrn.4310665,https://doi.org/10.2139/ssrn.4310665,Ag Nanoparticles Incorporated Interlayer Enables Ultrahigh Critical Current Density for Li6ps5cl-Based All-Solid-State Lithium Batteries,RELX Group (Netherlands),SSRN Electronic Journal,https://openalex.org/S4210172589,repository,1556-5068,"[""1556-5068""]",2022.1.1,2022,article,3,,,TRUE,9,Bo Pang,Bo Pang; Zhan Wu; Wenkui Zhang; Hui Huang; Yongping Gan; Yang Xia; Xinping He; Xinhui Xia; Jun Zhang,"[{""display_name"": ""Bo Pang"", ""id"": ""https://openalex.org/A5076770031"", ""orcid"": ""https://orcid.org/0000-0002-7040-0363"", ""author_position"": ""first"", ""is_corresponding"": true}, {""display_name"": ""Zhan Wu"", ""id"": ""https://openalex.org/A5086058691"", ""orcid"": null, ""author_position"": ""middle"", ""is_corresponding"": false}, {""display_name"": ""Wenkui Zhang"", ""id"": ""https://openalex.org/A5076433410"", ""orcid"": null, ""author_position"": ""middle"", ""is_corresponding"": false}, {""display_name"": ""Hui Huang"", ""id"": ""https://openalex.org/A5100682379"", ""orcid"": ""https://orcid.org/0000-0002-9737-9584"", ""author_position"": ""middle"", ""is_corresponding"": false}, {""display_name"": ""Yongping Gan"", ""id"": ""https://openalex.org/A5052969011"", ""orcid"": null, ""author_position"": ""middle"", ""is_corresponding"": false}, {""display_name"": ""Yang Xia"", ""id"": ""https://openalex.org/A5023904009"", ""orcid"": null, ""author_position"": ""middle"", ""is_corresponding"": false}, {""display_name"": ""Xinping He"", ""id"": ""https://openalex.org/A5107966481"", ""orcid"": ""https://orcid.org/0000-0002-8846-5210"", ""author_position"": ""middle"", ""is_corresponding"": false}, {""display_name"": ""Xinhui Xia"", ""id"": ""https://openalex.org/A5069358349"", ""orcid"": ""https://orcid.org/0000-0002-5976-5337"", ""author_position"": ""middle"", ""is_corresponding"": false}, {""display_name"": ""Jun Zhang"", ""id"": ""https://openalex.org/A5100433102"", ""orcid"": ""https://orcid.org/0000-0002-0644-9154"", ""author_position"": ""last"", ""is_corresponding"": false}]",Overall Top Citation,2,FAIL_BLOCK,TRUE,FALSE,challenge_or_block,https://papers.ssrn.com/sol3/papers.cfm?abstract_id=4310665&__cf_chl_rt_tk=WYymF7nXX0i_lzDhpk9BsHX8qqJ1LlokJJHVZ4R95FA-1773311597-1.0.1.1-9b2V8d7kwZKicYl4LT0D4mTxCf63.IYQXgRbNUkLyMw,Just a moment...,temp,temp,Default,/tmp/seyong/download_runtime_profiles/argyrodite_full_run_20260312/pid_73558.pdf/temp/10.2139_ssrn.4310665.pdf,10.2139,1.77331E+12,1.77331E+12,0,1.692,Failed,FAIL_SSRN_CHALLENGE,FALSE,,policy,first,/Users/seyong/Desktop/SNU/26W_MDIL_Intern/paper_search/paper_download/outputs/argyrodite_rsc_and_failures_headless_rerun_20260313_pass2,"[""ssrn_official_path_fast_fail_after_scihub""]"
https://openalex.org/W4226074198,10.2139/ssrn.4031717,https://doi.org/10.2139/ssrn.4031717,Degradation Rate at the Solid–Solid Interface of Sulfide-Based Solid Electrolyte–Cathode Active Material,RELX Group (Netherlands),SSRN Electronic Journal,https://openalex.org/S4210172589,repository,1556-5068,"[""1556-5068""]",2022.1.1,2022,article,1,,,TRUE,1,Yusuke Morino,Yusuke Morino,"[{""display_name"": ""Yusuke Morino"", ""id"": ""https://openalex.org/A5082471934"", ""orcid"": ""https://orcid.org/0000-0002-6973-7786"", ""author_position"": ""first"", ""is_corresponding"": true}]",Overall Top Citation,2,FAIL_BLOCK,TRUE,FALSE,challenge_or_block,https://papers.ssrn.com/sol3/papers.cfm?abstract_id=4031717&__cf_chl_rt_tk=nakQIhw.gfxAJ1Y3Ixzhss_fg4mGWI2jb2yihkGRbKw-1773311713-1.0.1.1-cGDdxqsU3IKkJU414KVtXN7MLDhCW5fD2P9ChrK8Wn0,Just a moment...,temp,temp,Default,/tmp/seyong/download_runtime_profiles/argyrodite_full_run_20260312/pid_73558.pdf/temp/10.2139_ssrn.4031717.pdf,10.2139,1.77331E+12,1.77331E+12,1,1.421,Failed,FAIL_SSRN_CHALLENGE,FALSE,,policy,first,/Users/seyong/Desktop/SNU/26W_MDIL_Intern/paper_search/paper_download/outputs/argyrodite_rsc_and_failures_headless_rerun_20260313_pass2,"[""ssrn_official_path_fast_fail_after_scihub""]"
https://openalex.org/W4312718028,10.2139/ssrn.4297410,https://doi.org/10.2139/ssrn.4297410,AC Impedance Analysis of NCM523 Composite Electrodes in All-Solid-State Three Electrode Cells and Their Degradation Behavior,RELX Group (Netherlands),SSRN Electronic Journal,https://openalex.org/S4210172589,repository,1556-5068,"[""1556-5068""]",2022.1.1,2022,article,1,,,TRUE,9,Goro Fukunishi,Goro Fukunishi; Mayu Tabuchi; Atsunori Ikezawa; Takeyoshi Okajima; Fusao Kitamura; Kota Suzuki; Masaaki Hirayama; Ryoji Kanno; Hajime Arai,"[{""display_name"": ""Goro Fukunishi"", ""id"": ""https://openalex.org/A5045526672"", ""orcid"": ""https://orcid.org/0000-0001-9692-6884"", ""author_position"": ""first"", ""is_corresponding"": true}, {""display_name"": ""Mayu Tabuchi"", ""id"": ""https://openalex.org/A5084536864"", ""orcid"": null, ""author_position"": ""middle"", ""is_corresponding"": false}, {""display_name"": ""Atsunori Ikezawa"", ""id"": ""https://openalex.org/A5000098401"", ""orcid"": ""https://orcid.org/0000-0002-8857-7159"", ""author_position"": ""middle"", ""is_corresponding"": false}, {""display_name"": ""Takeyoshi Okajima"", ""id"": ""https://openalex.org/A5111770344"", ""orcid"": null, ""author_position"": ""middle"", ""is_corresponding"": false}, {""display_name"": ""Fusao Kitamura"", ""id"": ""https://openalex.org/A5112499061"", ""orcid"": null, ""author_position"": ""middle"", ""is_corresponding"": false}, {""display_name"": ""Kota Suzuki"", ""id"": ""https://openalex.org/A5046895954"", ""orcid"": ""https://orcid.org/0000-0002-2473-0724"", ""author_position"": ""middle"", ""is_corresponding"": false}, {""display_name"": ""Masaaki Hirayama"", ""id"": ""https://openalex.org/A5052056108"", ""orcid"": ""https://orcid.org/0000-0003-4804-4208"", ""author_position"": ""middle"", ""is_corresponding"": false}, {""display_name"": ""Ryoji Kanno"", ""id"": ""https://openalex.org/A5020726738"", ""orcid"": null, ""author_position"": ""middle"", ""is_corresponding"": false}, {""display_name"": ""Hajime Arai"", ""id"": ""https://openalex.org/A5057468274"", ""orcid"": ""https://orcid.org/0000-0001-6695-637X"", ""author_position"": ""last"", ""is_corresponding"": false}]",Overall Top Citation,2,FAIL_BLOCK,TRUE,FALSE,challenge_or_block,https://papers.ssrn.com/sol3/papers.cfm?abstract_id=4297410&__cf_chl_rt_tk=RIxTnnuozB.2__8dYy8SihQ6.NXCn17jtppKz8P26ko-1773311857-1.0.1.1-9AJbUkGRtMO72YuSg.7a4DbVj64j3biAeWixPvGeGMk,Just a moment...,temp,temp,Default,/tmp/seyong/download_runtime_profiles/argyrodite_full_run_20260312/pid_73558.pdf/temp/10.2139_ssrn.4297410.pdf,10.2139,1.77331E+12,1.77331E+12,1,1.318,Failed,FAIL_SSRN_CHALLENGE,FALSE,,policy,first,/Users/seyong/Desktop/SNU/26W_MDIL_Intern/paper_search/paper_download/outputs/argyrodite_rsc_and_failures_headless_rerun_20260313_pass2,"[""ssrn_official_path_fast_fail_after_scihub""]"
https://openalex.org/W4312864132,10.2139/ssrn.4233149,https://doi.org/10.2139/ssrn.4233149,Highly Conductive Iodine and Fluorine Dual Doped Argyrodite Solid Electrolyte for Lithium Metal Batteries,RELX Group (Netherlands),SSRN Electronic Journal,https://openalex.org/S4210172589,repository,1556-5068,"[""1556-5068""]",2022.1.1,2022,article,1,,,TRUE,12,William Arnold,William Arnold; Varun Shreyas; Sharmin Akter; Yang Li; Selim Halacoglu; Milinda Kalutara Koralalage; Xiaolin Guo; Wei Wei; Gamini Sumanasekera; Jacek B. Jasiński; Badri Narayanan; Hui Wang,"[{""display_name"": ""William Arnold"", ""id"": ""https://openalex.org/A5103052505"", ""orcid"": ""https://orcid.org/0000-0002-1331-9489"", ""author_position"": ""first"", ""is_corresponding"": true}, {""display_name"": ""Varun Shreyas"", ""id"": ""https://openalex.org/A5079541333"", ""orcid"": ""https://orcid.org/0000-0002-5362-0874"", ""author_position"": ""middle"", ""is_corresponding"": false}, {""display_name"": ""Sharmin Akter"", ""id"": ""https://openalex.org/A5000749284"", ""orcid"": ""https://orcid.org/0000-0001-6901-3377"", ""author_position"": ""middle"", ""is_corresponding"": false}, {""display_name"": ""Yang Li"", ""id"": ""https://openalex.org/A5100421695"", ""orcid"": ""https://orcid.org/0000-0003-0357-4520"", ""author_position"": ""middle"", ""is_corresponding"": false}, {""display_name"": ""Selim Halacoglu"", ""id"": ""https://openalex.org/A5060597294"", ""orcid"": ""https://orcid.org/0000-0001-6261-7311"", ""author_position"": ""middle"", ""is_corresponding"": false}, {""display_name"": ""Milinda Kalutara Koralalage"", ""id"": ""https://openalex.org/A5019742921"", ""orcid"": ""https://orcid.org/0000-0002-1356-7060"", ""author_position"": ""middle"", ""is_corresponding"": false}, {""display_name"": ""Xiaolin Guo"", ""id"": ""https://openalex.org/A5101530242"", ""orcid"": ""https://orcid.org/0009-0004-1204-6978"", ""author_position"": ""middle"", ""is_corresponding"": false}, {""display_name"": ""Wei Wei"", ""id"": ""https://openalex.org/A5100323783"", ""orcid"": ""https://orcid.org/0000-0002-9701-3742"", ""author_position"": ""middle"", ""is_corresponding"": false}, {""display_name"": ""Gamini Sumanasekera"", ""id"": ""https://openalex.org/A5076499335"", ""orcid"": ""https://orcid.org/0000-0001-9585-8533"", ""author_position"": ""middle"", ""is_corresponding"": false}, {""display_name"": ""Jacek B. Jasiński"", ""id"": ""https://openalex.org/A5078488878"", ""orcid"": ""https://orcid.org/0000-0002-1297-6145"", ""author_position"": ""middle"", ""is_corresponding"": false}, {""display_name"": ""Badri Narayanan"", ""id"": ""https://openalex.org/A5014353341"", ""orcid"": ""https://orcid.org/0000-0001-8147-1047"", ""author_position"": ""middle"", ""is_corresponding"": false}, {""display_name"": ""Hui Wang"", ""id"": ""https://openalex.org/A5100460802"", ""orcid"": ""https://orcid.org/0000-0002-5208-8329"", ""author_position"": ""last"", ""is_corresponding"": false}]",Overall Top Citation,2,FAIL_BLOCK,TRUE,FALSE,challenge_or_block,https://papers.ssrn.com/sol3/papers.cfm?abstract_id=4233149,Just a moment...,temp,temp,Default,/tmp/seyong/download_runtime_profiles/argyrodite_full_run_20260312/pid_73558.pdf/temp/10.2139_ssrn.4233149.pdf,10.2139,1.77331E+12,1.77331E+12,1,1.056,Failed,FAIL_SSRN_CHALLENGE,FALSE,,policy,first,/Users/seyong/Desktop/SNU/26W_MDIL_Intern/paper_search/paper_download/outputs/argyrodite_rsc_and_failures_headless_rerun_20260313_pass2,"[""ssrn_official_path_fast_fail_after_scihub""]"
https://openalex.org/W4321602877,10.2139/ssrn.4367828,https://doi.org/10.2139/ssrn.4367828,Preparation of Argyrodite Li6-2xznxps5-Xoxcl with Improved Electrochemical Performance and Air Stability for All-Solid-State Batteries,RELX Group (Netherlands),SSRN Electronic Journal,https://openalex.org/S4210172589,repository,1556-5068,"[""1556-5068""]",2023.1.1,2023,article,1,,,TRUE,4,Geum-Ji Jang,Geum-Ji Jang; Rajesh Rajagopal; Sung Kang; Kwang‐Sun Ryu,"[{""display_name"": ""Geum-Ji Jang"", ""id"": ""https://openalex.org/A5031098654"", ""orcid"": null, ""author_position"": ""first"", ""is_corresponding"": true}, {""display_name"": ""Rajesh Rajagopal"", ""id"": ""https://openalex.org/A5110849393"", ""orcid"": null, ""author_position"": ""middle"", ""is_corresponding"": false}, {""display_name"": ""Sung Kang"", ""id"": ""https://openalex.org/A5101341785"", ""orcid"": null, ""author_position"": ""middle"", ""is_corresponding"": false}, {""display_name"": ""Kwang‐Sun Ryu"", ""id"": ""https://openalex.org/A5032691935"", ""orcid"": ""https://orcid.org/0000-0002-8758-0495"", ""author_position"": ""last"", ""is_corresponding"": false}]",Overall Top Citation,2,FAIL_BLOCK,TRUE,FALSE,challenge_or_block,https://papers.ssrn.com/sol3/papers.cfm?abstract_id=4367828&__cf_chl_rt_tk=fsfD._VGELBZwETciCrWOi4dDDqOoJL4C4GuHHepDq4-1773312187-1.0.1.1-cw7JW7shUrsEaWq_VVElubTkHykLIuo4E46XlaTwhWU,Just a moment...,temp,temp,Default,/tmp/seyong/download_runtime_profiles/argyrodite_full_run_20260312/pid_73558.pdf/temp/10.2139_ssrn.4367828.pdf,10.2139,1.77331E+12,1.77331E+12,1,1.108,Failed,FAIL_SSRN_CHALLENGE,FALSE,,policy,first,/Users/seyong/Desktop/SNU/26W_MDIL_Intern/paper_search/paper_download/outputs/argyrodite_rsc_and_failures_headless_rerun_20260313_pass2,"[""ssrn_official_path_fast_fail_after_scihub""]"
https://openalex.org/W3147117968,10.2139/ssrn.3807765,https://doi.org/10.2139/ssrn.3807765,High Ionic-Conducting Li-ion Argyrodites Synthesized Using a Simple and Economic Liquid-Phase Approach and Their Application in All Solid-State-Lithium Batteries,RELX Group (Netherlands),SSRN Electronic Journal,https://openalex.org/S4210172589,repository,1556-5068,"[""1556-5068""]",2021.1.1,2021,article,0,0.025482,,TRUE,3,Yuvaraj Subramanian,Yuvaraj Subramanian; Rajesh Rajagopal; Kwang‐Sun Ryu,"[{""display_name"": ""Yuvaraj Subramanian"", ""id"": ""https://openalex.org/A5104119459"", ""orcid"": null, ""author_position"": ""first"", ""is_corresponding"": true}, {""display_name"": ""Rajesh Rajagopal"", ""id"": ""https://openalex.org/A5034649463"", ""orcid"": ""https://orcid.org/0000-0001-7009-4266"", ""author_position"": ""middle"", ""is_corresponding"": false}, {""display_name"": ""Kwang‐Sun Ryu"", ""id"": ""https://openalex.org/A5032691935"", ""orcid"": ""https://orcid.org/0000-0002-8758-0495"", ""author_position"": ""last"", ""is_corresponding"": false}]",Overall Top Citation,2,FAIL_BLOCK,TRUE,FALSE,challenge_or_block,https://papers.ssrn.com/sol3/papers.cfm?abstract_id=3807765&__cf_chl_rt_tk=1hxTzu1cyo0n92tDfCyo_O3ckNihXrtjozHs2SQGK5w-1773312343-1.0.1.1-69cP1H4t4toSwWH0NsphNLq1yc3vSEyUMTQkMFB6Le8,Just a moment...,temp,temp,Default,/tmp/seyong/download_runtime_profiles/argyrodite_full_run_20260312/pid_73558.pdf/temp/10.2139_ssrn.3807765.pdf,10.2139,1.77331E+12,1.77331E+12,1,0.803,Failed,FAIL_SSRN_CHALLENGE,FALSE,,policy,first,/Users/seyong/Desktop/SNU/26W_MDIL_Intern/paper_search/paper_download/outputs/argyrodite_rsc_and_failures_headless_rerun_20260313_pass2,"[""ssrn_official_path_fast_fail_after_scihub""]"
https://openalex.org/W3167533305,10.17192/z2021.0074,https://doi.org/10.17192/z2021.0074,Grundlegende und Angewandte Studien zur Entwicklung von Festkörperbatterien Basierend auf Sulfidischen Alkali-Ionen-Leitern,data_UMR,data_UMR,https://openalex.org/S7407052995,repository,,[],2021.2.15,2021,article,0,0.04841901,,TRUE,1,Marc Duchardt,Marc Duchardt,"[{""display_name"": ""Marc Duchardt"", ""id"": ""https://openalex.org/A5033769555"", ""orcid"": null, ""author_position"": ""first"", ""is_corresponding"": true}]",Overall Top Citation,2,FAIL_NO_CANDIDATE,TRUE,TRUE,success_landing,https://open.uni-marburg.de/handle/10.17192/z2021.0074,Making sure you're not a bot!,temp,temp,Default,/tmp/seyong/download_runtime_profiles/argyrodite_full_run_20260312/pid_73558.pdf/temp/10.17192_z2021.0074.pdf,10.17192,1.77332E+12,1.77332E+12,1,1.246,Failed,FAIL_BLOCK,FALSE,,landing,first,/Users/seyong/Desktop/SNU/26W_MDIL_Intern/paper_search/paper_download/outputs/argyrodite_rsc_and_failures_headless_rerun_20260313_pass3_resume,"[""keyword=access_gate_bot_like"", ""{\""trace\"": [{\""strategy\"": \""api\"", \""reason\"": \""FAIL_TIMEOUT/NETWORK\"", \""evidence\"": [\""Publisher is Not recognized or Not supported, cannot use API method.\""]}]}""]"
https://openalex.org/W3213957814,10.6084/m9.figshare.c.5567385.v1,https://doi.org/10.6084/m9.figshare.c.5567385.v1,"Supplementary material from ""Influence of Br<sup>–</sup>/S<sup>2–</sup> site-exchange on Li diffusion mechanism in Li<sub>6</sub>PS<sub>5</sub>Br: a computational study""",Figshare (United Kingdom),Figshare,https://openalex.org/S4377196282,repository,,[],2021.1.1,2021,article,0,,,TRUE,2,Karsten Albe,"Karsten Albe; Albe, Karsten","[{""display_name"": ""Karsten Albe"", ""id"": ""https://openalex.org/A5020304363"", ""orcid"": ""https://orcid.org/0000-0003-4669-8056"", ""author_position"": ""first"", ""is_corresponding"": true}, {""display_name"": ""Albe, Karsten"", ""id"": null, ""orcid"": ""https://orcid.org/0000-0003-4669-8056"", ""author_position"": ""last"", ""is_corresponding"": false}]",Overall Top Citation,2,FAIL_NO_CANDIDATE,TRUE,TRUE,success_landing,https://rs.figshare.com/collections/Supplementary_material_from_Influence_of_Br_sup_sup_S_sup_2_sup_site-exchange_on_Li_diffusion_mechanism_in_Li_sub_6_sub_PS_sub_5_sub_Br_a_computational_study_/5567385/1,"Collection - Supplementary material from ""Influence of Br–/S2– site-exchange on Li diffusion mechanism in Li6PS5Br: a computational study"" - Philosophical Transactions of the Royal Society A: Mathematical, Physical & Engineering Sciences - Figshare",temp,temp,Default,/tmp/seyong/download_runtime_profiles/argyrodite_full_run_20260312/pid_73558.pdf/temp/10.6084_m9.figshare.c.5567385.v1.pdf,10.6084,1.77332E+12,1.77332E+12,1,1.415,Failed,FAIL_NO_CANDIDATE,FALSE,,drission,first,/Users/seyong/Desktop/SNU/26W_MDIL_Intern/paper_search/paper_download/outputs/argyrodite_rsc_and_failures_headless_rerun_20260313_pass3_resume,"[""pdf_link_not_found_or_download_failed"", ""{\""trace\"": [{\""strategy\"": \""api\"", \""reason\"": \""FAIL_TIMEOUT/NETWORK\"", \""evidence\"": [\""Publisher is Not recognized or Not supported, cannot use API method.\""]}]}""]"
https://openalex.org/W4285543687,10.2139/ssrn.3983713,https://doi.org/10.2139/ssrn.3983713,High-Rate and Durable Sulfide-Based All-Solid-State Lithium Battery with &lt;i&gt;in situ&lt;/i&gt; Li &lt;sub&gt;2&lt;/sub&gt;O Buffering,RELX Group (Netherlands),SSRN Electronic Journal,https://openalex.org/S4210172589,repository,1556-5068,"[""1556-5068""]",2021.1.1,2021,article,0,,,TRUE,10,Jie Shi,Jie Shi; Ping Li; Kun Han; Dong Sun; Wang Zhao; Zhiwei Liu; Gemeng Liang; Kenneth Davey; Zhanhu Guo; Xuanhui Qu,"[{""display_name"": ""Jie Shi"", ""id"": ""https://openalex.org/A5102868363"", ""orcid"": ""https://orcid.org/0009-0002-7210-4418"", ""author_position"": ""first"", ""is_corresponding"": true}, {""display_name"": ""Ping Li"", ""id"": ""https://openalex.org/A5100435557"", ""orcid"": ""https://orcid.org/0000-0003-0280-6860"", ""author_position"": ""middle"", ""is_corresponding"": false}, {""display_name"": ""Kun Han"", ""id"": ""https://openalex.org/A5100602023"", ""orcid"": ""https://orcid.org/0000-0003-2991-2305"", ""author_position"": ""middle"", ""is_corresponding"": false}, {""display_name"": ""Dong Sun"", ""id"": ""https://openalex.org/A5058722197"", ""orcid"": ""https://orcid.org/0000-0002-0898-4548"", ""author_position"": ""middle"", ""is_corresponding"": false}, {""display_name"": ""Wang Zhao"", ""id"": ""https://openalex.org/A5024023828"", ""orcid"": ""https://orcid.org/0000-0002-0591-5459"", ""author_position"": ""middle"", ""is_corresponding"": false}, {""display_name"": ""Zhiwei Liu"", ""id"": ""https://openalex.org/A5003339175"", ""orcid"": ""https://orcid.org/0000-0002-6679-6326"", ""author_position"": ""middle"", ""is_corresponding"": false}, {""display_name"": ""Gemeng Liang"", ""id"": ""https://openalex.org/A5070903368"", ""orcid"": ""https://orcid.org/0000-0002-2302-4932"", ""author_position"": ""middle"", ""is_corresponding"": false}, {""display_name"": ""Kenneth Davey"", ""id"": ""https://openalex.org/A5083049159"", ""orcid"": ""https://orcid.org/0000-0002-7623-9320"", ""author_position"": ""middle"", ""is_corresponding"": false}, {""display_name"": ""Zhanhu Guo"", ""id"": ""https://openalex.org/A5110015262"", ""orcid"": ""https://orcid.org/0000-0003-3464-5301"", ""author_position"": ""middle"", ""is_corresponding"": false}, {""display_name"": ""Xuanhui Qu"", ""id"": ""https://openalex.org/A5073931088"", ""orcid"": ""https://orcid.org/0000-0002-2943-3008"", ""author_position"": ""last"", ""is_corresponding"": false}]",Overall Top Citation,2,FAIL_BLOCK,TRUE,FALSE,challenge_or_block,https://papers.ssrn.com/sol3/papers.cfm?abstract_id=3983713&__cf_chl_rt_tk=uE7gWiVreWfsCpLi0LvUeSv4QdOOPkdVQL_G14dWYo0-1773312480-1.0.1.1-Az8zU.JFxExEaSqvqXfVuzik19sveOHCZ6awf57c7bs,Just a moment...,temp,temp,Default,/tmp/seyong/download_runtime_profiles/argyrodite_full_run_20260312/pid_73558.pdf/temp/10.2139_ssrn.3983713.pdf,10.2139,1.77331E+12,1.77331E+12,1,1.144,Failed,FAIL_SSRN_CHALLENGE,FALSE,,policy,first,/Users/seyong/Desktop/SNU/26W_MDIL_Intern/paper_search/paper_download/outputs/argyrodite_rsc_and_failures_headless_rerun_20260313_pass2,"[""ssrn_official_path_fast_fail_after_scihub""]"
https://openalex.org/W4295858338,10.2139/ssrn.4211487,https://doi.org/10.2139/ssrn.4211487,Solution-Processed Synthesis of Nano-Sized Argyrodite Solid Electrolytes with Cavitation Effect for High Performance All-Solid-State Li-Ion Batteries,RELX Group (Netherlands),SSRN Electronic Journal,https://openalex.org/S4210172589,repository,1556-5068,"[""1556-5068""]",2022.1.1,2022,article,0,,,TRUE,12,Youngjun Huh,Youngjun Huh; Hae Gon Lee; Chang-Min Cho; Jun‐Woo Park; Byung Gon Kim; You‐Jin Lee; Yoon‐Cheol Ha; Jeong‐Hee Choi; Jeongdoo Yi; Sangmin Lee; Je In Lee; Jun‐Ho Park,"[{""display_name"": ""Youngjun Huh"", ""id"": ""https://openalex.org/A5017923928"", ""orcid"": null, ""author_position"": ""first"", ""is_corresponding"": true}, {""display_name"": ""Hae Gon Lee"", ""id"": ""https://openalex.org/A5017765445"", ""orcid"": ""https://orcid.org/0000-0002-2708-7850"", ""author_position"": ""middle"", ""is_corresponding"": false}, {""display_name"": ""Chang-Min Cho"", ""id"": ""https://openalex.org/A5077997963"", ""orcid"": null, ""author_position"": ""middle"", ""is_corresponding"": false}, {""display_name"": ""Jun‐Woo Park"", ""id"": ""https://openalex.org/A5118844308"", ""orcid"": ""https://orcid.org/0000-0002-1446-8822"", ""author_position"": ""middle"", ""is_corresponding"": false}, {""display_name"": ""Byung Gon Kim"", ""id"": ""https://openalex.org/A5101614289"", ""orcid"": ""https://orcid.org/0000-0002-3471-3020"", ""author_position"": ""middle"", ""is_corresponding"": false}, {""display_name"": ""You‐Jin Lee"", ""id"": ""https://openalex.org/A5007359456"", ""orcid"": ""https://orcid.org/0000-0002-9133-7893"", ""author_position"": ""middle"", ""is_corresponding"": false}, {""display_name"": ""Yoon‐Cheol Ha"", ""id"": ""https://openalex.org/A5086764992"", ""orcid"": ""https://orcid.org/0000-0001-5769-1461"", ""author_position"": ""middle"", ""is_corresponding"": false}, {""display_name"": ""Jeong‐Hee Choi"", ""id"": ""https://openalex.org/A5101527770"", ""orcid"": ""https://orcid.org/0000-0003-2018-2828"", ""author_position"": ""middle"", ""is_corresponding"": false}, {""display_name"": ""Jeongdoo Yi"", ""id"": ""https://openalex.org/A5072490549"", ""orcid"": null, ""author_position"": ""middle"", ""is_corresponding"": false}, {""display_name"": ""Sangmin Lee"", ""id"": ""https://openalex.org/A5100319590"", ""orcid"": ""https://orcid.org/0000-0001-5380-2275"", ""author_position"": ""middle"", ""is_corresponding"": false}, {""display_name"": ""Je In Lee"", ""id"": ""https://openalex.org/A5002411989"", ""orcid"": ""https://orcid.org/0000-0001-9110-8030"", ""author_position"": ""middle"", ""is_corresponding"": false}, {""display_name"": ""Jun‐Ho Park"", ""id"": ""https://openalex.org/A5101965432"", ""orcid"": ""https://orcid.org/0000-0001-8954-3965"", ""author_position"": ""last"", ""is_corresponding"": false}]",Overall Top Citation,2,FAIL_BLOCK,TRUE,FALSE,challenge_or_block,https://papers.ssrn.com/sol3/papers.cfm?abstract_id=4211487,Just a moment...,temp,temp,Default,/tmp/seyong/download_runtime_profiles/argyrodite_full_run_20260312/pid_73558.pdf/temp/10.2139_ssrn.4211487.pdf,10.2139,1.77331E+12,1.77331E+12,1,1.727,Failed,FAIL_SSRN_CHALLENGE,FALSE,,policy,first,/Users/seyong/Desktop/SNU/26W_MDIL_Intern/paper_search/paper_download/outputs/argyrodite_rsc_and_failures_headless_rerun_20260313_pass2,"[""ssrn_official_path_fast_fail_after_scihub""]"
https://openalex.org/W4295860272,10.2139/ssrn.4211153,https://doi.org/10.2139/ssrn.4211153,Lithium-Enhanced Functionalized Carbon Nanofibers as a Mixed Electronic/Ionic Conductor for Sulfide All Solid-State Batteries,RELX Group (Netherlands),SSRN Electronic Journal,https://openalex.org/S4210172589,repository,1556-5068,"[""1556-5068""]",2022.1.1,2022,article,0,,,TRUE,8,Tom James Embleton,Tom James Embleton; Jeongsik Yun; Jae Hong Choi; Jongho Kim; Kyungmok Ko; Jin‐Soo Kim; Yoonkook Son; Pilgun Oh,"[{""display_name"": ""Tom James Embleton"", ""id"": ""https://openalex.org/A5017548561"", ""orcid"": ""https://orcid.org/0000-0002-6557-2996"", ""author_position"": ""first"", ""is_corresponding"": true}, {""display_name"": ""Jeongsik Yun"", ""id"": ""https://openalex.org/A5013688652"", ""orcid"": ""https://orcid.org/0000-0003-1933-699X"", ""author_position"": ""middle"", ""is_corresponding"": false}, {""display_name"": ""Jae Hong Choi"", ""id"": ""https://openalex.org/A5061983829"", ""orcid"": ""https://orcid.org/0000-0001-7537-9113"", ""author_position"": ""middle"", ""is_corresponding"": false}, {""display_name"": ""Jongho Kim"", ""id"": ""https://openalex.org/A5100427727"", ""orcid"": ""https://orcid.org/0000-0001-9317-7494"", ""author_position"": ""middle"", ""is_corresponding"": false}, {""display_name"": ""Kyungmok Ko"", ""id"": ""https://openalex.org/A5046707437"", ""orcid"": ""https://orcid.org/0000-0001-6076-3366"", ""author_position"": ""middle"", ""is_corresponding"": false}, {""display_name"": ""Jin‐Soo Kim"", ""id"": ""https://openalex.org/A5100390255"", ""orcid"": ""https://orcid.org/0000-0001-8217-5071"", ""author_position"": ""middle"", ""is_corresponding"": false}, {""display_name"": ""Yoonkook Son"", ""id"": ""https://openalex.org/A5028102444"", ""orcid"": ""https://orcid.org/0000-0003-2666-1790"", ""author_position"": ""middle"", ""is_corresponding"": false}, {""display_name"": ""Pilgun Oh"", ""id"": ""https://openalex.org/A5051578878"", ""orcid"": ""https://orcid.org/0000-0001-8601-8380"", ""author_position"": ""last"", ""is_corresponding"": false}]",Overall Top Citation,2,FAIL_CAPTCHA,TRUE,FALSE,challenge_or_block,https://papers.ssrn.com/sol3/papers.cfm?abstract_id=4211153&__cf_chl_rt_tk=IA1UJUPGLEQksZRCq.niAFMbN9.aex2nGvSbNCBOzhA-1773312735-1.0.1.1-2nJlPjP8gC_JZ4yJES3b5xwkXHWeZnhZWo7WjfDOS7c,Just a moment...,temp,temp,Default,/tmp/seyong/download_runtime_profiles/argyrodite_full_run_20260312/pid_73558.pdf/temp/10.2139_ssrn.4211153.pdf,10.2139,1.77331E+12,1.77331E+12,1,1.203,Failed,FAIL_SSRN_CHALLENGE,FALSE,,policy,first,/Users/seyong/Desktop/SNU/26W_MDIL_Intern/paper_search/paper_download/outputs/argyrodite_rsc_and_failures_headless_rerun_20260313_pass2,"[""ssrn_official_path_fast_fail_after_scihub""]"
https://openalex.org/W4312669752,10.2139/ssrn.4283522,https://doi.org/10.2139/ssrn.4283522,Enhancing the Moisture Stability and Electrochemical Performances of Li6ps5cl Solid Electrolytes Through Ga Substitution,RELX Group (Netherlands),SSRN Electronic Journal,https://openalex.org/S4210172589,repository,1556-5068,"[""1556-5068""]",2022.1.1,2022,article,0,,,TRUE,6,Kwonsoo Seol,Kwonsoo Seol; Chitrarasu Kaliyaperumal; Aarthi Uthayakumar; Insang Yoon; Gahyeon Lee; Dongwook Shin,"[{""display_name"": ""Kwonsoo Seol"", ""id"": ""https://openalex.org/A5061705918"", ""orcid"": ""https://orcid.org/0000-0001-6965-6671"", ""author_position"": ""first"", ""is_corresponding"": true}, {""display_name"": ""Chitrarasu Kaliyaperumal"", ""id"": ""https://openalex.org/A5066499057"", ""orcid"": null, ""author_position"": ""middle"", ""is_corresponding"": false}, {""display_name"": ""Aarthi Uthayakumar"", ""id"": ""https://openalex.org/A5027391630"", ""orcid"": ""https://orcid.org/0000-0003-3439-0759"", ""author_position"": ""middle"", ""is_corresponding"": false}, {""display_name"": ""Insang Yoon"", ""id"": ""https://openalex.org/A5015161083"", ""orcid"": null, ""author_position"": ""middle"", ""is_corresponding"": false}, {""display_name"": ""Gahyeon Lee"", ""id"": ""https://openalex.org/A5051508311"", ""orcid"": null, ""author_position"": ""middle"", ""is_corresponding"": false}, {""display_name"": ""Dongwook Shin"", ""id"": ""https://openalex.org/A5101982864"", ""orcid"": ""https://orcid.org/0000-0002-8829-9638"", ""author_position"": ""last"", ""is_corresponding"": false}]",Overall Top Citation,2,FAIL_BLOCK,TRUE,FALSE,challenge_or_block,https://papers.ssrn.com/sol3/papers.cfm?abstract_id=4283522&__cf_chl_rt_tk=8qdjUBxlZ_elbTT3vWOdDlvbJxptLgXiecoZhryGIY8-1773312916-1.0.1.1-_8A1cqTov2qC_uBNIn2QLmTq_fgoqXF7AtSo9kEdMFw,Just a moment...,temp,temp,Default,/tmp/seyong/download_runtime_profiles/argyrodite_full_run_20260312/pid_73558.pdf/temp/10.2139_ssrn.4283522.pdf,10.2139,1.77331E+12,1.77331E+12,0,1.791,Failed,FAIL_SSRN_CHALLENGE,FALSE,,policy,first,/Users/seyong/Desktop/SNU/26W_MDIL_Intern/paper_search/paper_download/outputs/argyrodite_rsc_and_failures_headless_rerun_20260313_pass2,"[""ssrn_official_path_fast_fail_after_scihub""]"
https://openalex.org/W4320014441,10.2139/ssrn.4333397,https://doi.org/10.2139/ssrn.4333397,Film Processing of Li6ps5cl Electrolyte Using Different Binders and Their Combinations,RELX Group (Netherlands),SSRN Electronic Journal,https://openalex.org/S4210172589,repository,1556-5068,"[""1556-5068""]",2023.1.1,2023,article,0,,,TRUE,8,Artur Tron,Artur Tron; Raad Hamid; Ningxin Zhang; Andrea Paolella; Paul Wulfert‐Holzmann; Vladislav Kolotygin; Pedro Lopez-Aranguren Oliver; Alexander Beutl,"[{""display_name"": ""Artur Tron"", ""id"": ""https://openalex.org/A5002945442"", ""orcid"": ""https://orcid.org/0000-0002-6565-8247"", ""author_position"": ""first"", ""is_corresponding"": true}, {""display_name"": ""Raad Hamid"", ""id"": ""https://openalex.org/A5019670168"", ""orcid"": null, ""author_position"": ""middle"", ""is_corresponding"": false}, {""display_name"": ""Ningxin Zhang"", ""id"": ""https://openalex.org/A5044548137"", ""orcid"": null, ""author_position"": ""middle"", ""is_corresponding"": false}, {""display_name"": ""Andrea Paolella"", ""id"": ""https://openalex.org/A5042467922"", ""orcid"": ""https://orcid.org/0000-0003-0986-6460"", ""author_position"": ""middle"", ""is_corresponding"": false}, {""display_name"": ""Paul Wulfert‐Holzmann"", ""id"": ""https://openalex.org/A5062000786"", ""orcid"": ""https://orcid.org/0000-0003-3840-0432"", ""author_position"": ""middle"", ""is_corresponding"": false}, {""display_name"": ""Vladislav Kolotygin"", ""id"": ""https://openalex.org/A5084570121"", ""orcid"": null, ""author_position"": ""middle"", ""is_corresponding"": false}, {""display_name"": ""Pedro Lopez-Aranguren Oliver"", ""id"": ""https://openalex.org/A5043598460"", ""orcid"": null, ""author_position"": ""middle"", ""is_corresponding"": false}, {""display_name"": ""Alexander Beutl"", ""id"": ""https://openalex.org/A5062737645"", ""orcid"": ""https://orcid.org/0000-0002-7098-619X"", ""author_position"": ""last"", ""is_corresponding"": false}]",Overall Top Citation,2,FAIL_BLOCK,TRUE,FALSE,challenge_or_block,https://papers.ssrn.com/sol3/papers.cfm?abstract_id=4333397&__cf_chl_rt_tk=CiydUvPnUIJuTZ_C3jyW.R50kqFiPDec7OmSIDdkKjg-1773313308-1.0.1.1-Z8wdbucCVf9KC6hW737RHvh0eQSGL.3HjNnoH0gmyx4,Just a moment...,temp,temp,Default,/tmp/seyong/download_runtime_profiles/argyrodite_full_run_20260312/pid_73558.pdf/temp/10.2139_ssrn.4333397.pdf,10.2139,1.77331E+12,1.77331E+12,1,1.573,Failed,FAIL_SSRN_CHALLENGE,FALSE,,policy,first,/Users/seyong/Desktop/SNU/26W_MDIL_Intern/paper_search/paper_download/outputs/argyrodite_rsc_and_failures_headless_rerun_20260313_pass2,"[""ssrn_official_path_fast_fail_after_scihub""]"
https://openalex.org/W4320736723,10.2139/ssrn.4358283,https://doi.org/10.2139/ssrn.4358283,Cork: Enabler of Sustainable and Efficient Coaxial Structural Batteries,RELX Group (Netherlands),SSRN Electronic Journal,https://openalex.org/S4210172589,repository,1556-5068,"[""1556-5068""]",2023.1.1,2023,article,0,,,TRUE,3,Mafalda Valente,Mafalda Valente; Sara P. Magalhães da Silva; Maria Helena Braga,"[{""display_name"": ""Mafalda Valente"", ""id"": ""https://openalex.org/A5102871756"", ""orcid"": ""https://orcid.org/0000-0003-0081-9270"", ""author_position"": ""first"", ""is_corresponding"": true}, {""display_name"": ""Sara P. Magalhães da Silva"", ""id"": ""https://openalex.org/A5039242745"", ""orcid"": ""https://orcid.org/0000-0001-9930-9486"", ""author_position"": ""middle"", ""is_corresponding"": false}, {""display_name"": ""Maria Helena Braga"", ""id"": ""https://openalex.org/A5089673050"", ""orcid"": ""https://orcid.org/0000-0003-4577-2154"", ""author_position"": ""last"", ""is_corresponding"": false}]",Overall Top Citation,2,FAIL_BLOCK,TRUE,FALSE,challenge_or_block,https://papers.ssrn.com/sol3/papers.cfm?abstract_id=4358283&__cf_chl_rt_tk=Mx.9PkCBOm83EwX0zDgXJcNEKCkLunxLPlqx9MbDkSk-1773313683-1.0.1.1-2JidcRdIqV23_o8LjUo_i57E3f8NkSLt4v5AoLKaw0w,Just a moment...,temp,temp,Default,/tmp/seyong/download_runtime_profiles/argyrodite_full_run_20260312/pid_73558.pdf/temp/10.2139_ssrn.4358283.pdf,10.2139,1.77331E+12,1.77331E+12,1,1.502,Failed,FAIL_SSRN_CHALLENGE,FALSE,,policy,first,/Users/seyong/Desktop/SNU/26W_MDIL_Intern/paper_search/paper_download/outputs/argyrodite_rsc_and_failures_headless_rerun_20260313_pass2,"[""ssrn_official_path_fast_fail_after_scihub""]"
https://openalex.org/W4322708512,10.2139/ssrn.4373071,https://doi.org/10.2139/ssrn.4373071,Exothermal Reaction and Microstructure Study of the Charged Lini0.5co0.2mn0.3o2 Electrode Layers Using Argyrodite-Type Solid Electrolytes,RELX Group (Netherlands),SSRN Electronic Journal,https://openalex.org/S4210172589,repository,1556-5068,"[""1556-5068""]",2023.1.1,2023,article,0,,,TRUE,4,Hirofumi Tsukasaki,Hirofumi Tsukasaki; Koichi Sugiura; Mitsumoto Kawai; Shigeo Mori,"[{""display_name"": ""Hirofumi Tsukasaki"", ""id"": ""https://openalex.org/A5016252105"", ""orcid"": ""https://orcid.org/0000-0003-0523-5469"", ""author_position"": ""first"", ""is_corresponding"": true}, {""display_name"": ""Koichi Sugiura"", ""id"": ""https://openalex.org/A5022323822"", ""orcid"": null, ""author_position"": ""middle"", ""is_corresponding"": false}, {""display_name"": ""Mitsumoto Kawai"", ""id"": ""https://openalex.org/A5018005760"", ""orcid"": ""https://orcid.org/0000-0003-0250-0220"", ""author_position"": ""middle"", ""is_corresponding"": false}, {""display_name"": ""Shigeo Mori"", ""id"": ""https://openalex.org/A5111806627"", ""orcid"": ""https://orcid.org/0009-0001-0392-9320"", ""author_position"": ""last"", ""is_corresponding"": false}]",Overall Top Citation,2,FAIL_BLOCK,TRUE,FALSE,challenge_or_block,https://papers.ssrn.com/sol3/papers.cfm?abstract_id=4373071&__cf_chl_rt_tk=YwRRpFiQEhSDh3W6QmwWVhc5htCZjg.NjRWujcdYRPs-1773313945-1.0.1.1-A1uj4Tbd8a3wo7YJl1GtTghH_pxVt9HKAy.jej3sQcQ,Just a moment...,temp,temp,Default,/tmp/seyong/download_runtime_profiles/argyrodite_full_run_20260312/pid_73558.pdf/temp/10.2139_ssrn.4373071.pdf,10.2139,1.77331E+12,1.77331E+12,1,0.853,Failed,FAIL_SSRN_CHALLENGE,FALSE,,policy,first,/Users/seyong/Desktop/SNU/26W_MDIL_Intern/paper_search/paper_download/outputs/argyrodite_rsc_and_failures_headless_rerun_20260313_pass2,"[""ssrn_official_path_fast_fail_after_scihub""]"
https://openalex.org/W4322748635,10.2139/ssrn.4373963,https://doi.org/10.2139/ssrn.4373963,Exploring the Benefits of Li10snp2s12 Core-Shell Structure Cathode Material for Sulfide-Based All Solid-State Batteries to Improve High-Voltage Cycling Performance,RELX Group (Netherlands),SSRN Electronic Journal,https://openalex.org/S4210172589,repository,1556-5068,"[""1556-5068""]",2023.1.1,2023,article,0,,,TRUE,7,Yongsun Park,Yongsun Park; Gwangsuk Oh; A‐Young Kim; Hansen Chang; Mahir Uenal; Sang Cheol Nam; Oh‐Min Kwon,"[{""display_name"": ""Yongsun Park"", ""id"": ""https://openalex.org/A5086081556"", ""orcid"": ""https://orcid.org/0000-0002-1591-7036"", ""author_position"": ""first"", ""is_corresponding"": true}, {""display_name"": ""Gwangsuk Oh"", ""id"": ""https://openalex.org/A5022457774"", ""orcid"": null, ""author_position"": ""middle"", ""is_corresponding"": false}, {""display_name"": ""A‐Young Kim"", ""id"": ""https://openalex.org/A5103217051"", ""orcid"": ""https://orcid.org/0000-0001-6124-0807"", ""author_position"": ""middle"", ""is_corresponding"": false}, {""display_name"": ""Hansen Chang"", ""id"": ""https://openalex.org/A5036311882"", ""orcid"": null, ""author_position"": ""middle"", ""is_corresponding"": false}, {""display_name"": ""Mahir Uenal"", ""id"": ""https://openalex.org/A5054551049"", ""orcid"": null, ""author_position"": ""middle"", ""is_corresponding"": false}, {""display_name"": ""Sang Cheol Nam"", ""id"": ""https://openalex.org/A5070664981"", ""orcid"": ""https://orcid.org/0000-0002-6925-7803"", ""author_position"": ""middle"", ""is_corresponding"": false}, {""display_name"": ""Oh‐Min Kwon"", ""id"": ""https://openalex.org/A5067685949"", ""orcid"": ""https://orcid.org/0000-0002-4777-7912"", ""author_position"": ""last"", ""is_corresponding"": false}]",Overall Top Citation,2,FAIL_BLOCK,TRUE,FALSE,challenge_or_block,https://papers.ssrn.com/sol3/papers.cfm?abstract_id=4373963&__cf_chl_rt_tk=VEBkEWmN7lT12N9vC99aUapGCaHM93rEBwGfMWWo3M4-1773314265-1.0.1.1-z7FT8Pa9.MSwCqgMDqx0CcFiJqhbMP7qkU2vBy3OZZA,Just a moment...,temp,temp,Default,/tmp/seyong/download_runtime_profiles/argyrodite_full_run_20260312/pid_73558.pdf/temp/10.2139_ssrn.4373963.pdf,10.2139,1.77331E+12,1.77331E+12,0,0.825,Failed,FAIL_SSRN_CHALLENGE,FALSE,,policy,first,/Users/seyong/Desktop/SNU/26W_MDIL_Intern/paper_search/paper_download/outputs/argyrodite_rsc_and_failures_headless_rerun_20260313_pass2,"[""ssrn_official_path_fast_fail_after_scihub""]"
https://openalex.org/W4323058947,10.2139/ssrn.4377148,https://doi.org/10.2139/ssrn.4377148,Stability of Amorphous Li-La-Zr-Ta-O Coating for High-Voltage Cathodes in Sulfide-Based Solid-State Batterieseclaration of Interests,RELX Group (Netherlands),SSRN Electronic Journal,https://openalex.org/S4210172589,repository,1556-5068,"[""1556-5068""]",2023.1.1,2023,article,0,,,TRUE,6,Jeevan Kumar Padarti,Jeevan Kumar Padarti; Yusuke Morino; Satoshi Kanada; Akihiro Shiota; Shigeto Hirai; Tomoya Ohno,"[{""display_name"": ""Jeevan Kumar Padarti"", ""id"": ""https://openalex.org/A5053085697"", ""orcid"": ""https://orcid.org/0000-0001-7932-8989"", ""author_position"": ""first"", ""is_corresponding"": true}, {""display_name"": ""Yusuke Morino"", ""id"": ""https://openalex.org/A5082471934"", ""orcid"": ""https://orcid.org/0000-0002-6973-7786"", ""author_position"": ""middle"", ""is_corresponding"": false}, {""display_name"": ""Satoshi Kanada"", ""id"": ""https://openalex.org/A5008448415"", ""orcid"": null, ""author_position"": ""middle"", ""is_corresponding"": false}, {""display_name"": ""Akihiro Shiota"", ""id"": ""https://openalex.org/A5074212281"", ""orcid"": null, ""author_position"": ""middle"", ""is_corresponding"": false}, {""display_name"": ""Shigeto Hirai"", ""id"": ""https://openalex.org/A5036570962"", ""orcid"": ""https://orcid.org/0000-0001-8420-8711"", ""author_position"": ""middle"", ""is_corresponding"": false}, {""display_name"": ""Tomoya Ohno"", ""id"": ""https://openalex.org/A5060980991"", ""orcid"": null, ""author_position"": ""last"", ""is_corresponding"": false}]",Overall Top Citation,2,FAIL_BLOCK,TRUE,FALSE,challenge_or_block,https://papers.ssrn.com/sol3/papers.cfm?abstract_id=4377148&__cf_chl_rt_tk=AD9RIzcB.7A6Gp.BqSrfYPYT5YRFmHaQ0DQtldk3tW8-1773315123-1.0.1.1-Q824E2c8PgGy8ZSRIS0nQgGEXiWnY0mIVc2veh.0iJ8,Just a moment...,temp,temp,Default,/tmp/seyong/download_runtime_profiles/argyrodite_full_run_20260312/pid_73558.pdf/temp/10.2139_ssrn.4377148.pdf,10.2139,1.77332E+12,1.77332E+12,1,1.176,Failed,FAIL_SSRN_CHALLENGE,FALSE,,policy,first,/Users/seyong/Desktop/SNU/26W_MDIL_Intern/paper_search/paper_download/outputs/argyrodite_rsc_and_failures_headless_rerun_20260313_pass2,"[""ssrn_official_path_fast_fail_after_scihub""]"
https://openalex.org/W4327780977,10.2139/ssrn.4392426,https://doi.org/10.2139/ssrn.4392426,Matching Silicon-Based Anodes with Solid-State Electrolytes for Li-Ion Batteries,RELX Group (Netherlands),SSRN Electronic Journal,https://openalex.org/S4210172589,repository,1556-5068,"[""1556-5068""]",2023.1.1,2023,article,0,,,TRUE,5,Martine Grandjean,Martine Grandjean; Mélanie Pichardo; Yohan Biecher; Cédric Haon; Pascale Chenevier,"[{""display_name"": ""Martine Grandjean"", ""id"": ""https://openalex.org/A5008879860"", ""orcid"": ""https://orcid.org/0009-0007-9619-3140"", ""author_position"": ""first"", ""is_corresponding"": true}, {""display_name"": ""Mélanie Pichardo"", ""id"": ""https://openalex.org/A5051580761"", ""orcid"": ""https://orcid.org/0009-0007-9772-5276"", ""author_position"": ""middle"", ""is_corresponding"": false}, {""display_name"": ""Yohan Biecher"", ""id"": ""https://openalex.org/A5047643643"", ""orcid"": ""https://orcid.org/0000-0001-8486-3505"", ""author_position"": ""middle"", ""is_corresponding"": false}, {""display_name"": ""Cédric Haon"", ""id"": ""https://openalex.org/A5067016444"", ""orcid"": ""https://orcid.org/0000-0001-8505-606X"", ""author_position"": ""middle"", ""is_corresponding"": false}, {""display_name"": ""Pascale Chenevier"", ""id"": ""https://openalex.org/A5044083706"", ""orcid"": ""https://orcid.org/0000-0003-4358-2162"", ""author_position"": ""last"", ""is_corresponding"": false}]",Overall Top Citation,2,FAIL_BLOCK,TRUE,FALSE,challenge_or_block,https://papers.ssrn.com/sol3/papers.cfm?abstract_id=4392426,Just a moment...,temp,temp,Default,/tmp/seyong/download_runtime_profiles/argyrodite_full_run_20260312/pid_73558.pdf/temp/10.2139_ssrn.4392426.pdf,10.2139,1.77332E+12,1.77332E+12,1,1.449,Failed,FAIL_SSRN_CHALLENGE,FALSE,,policy,first,/Users/seyong/Desktop/SNU/26W_MDIL_Intern/paper_search/paper_download/outputs/argyrodite_rsc_and_failures_headless_rerun_20260313_pass2,"[""ssrn_official_path_fast_fail_after_scihub""]"
https://openalex.org/W4403093943,10.31613/ceramist.2024.00094,https://doi.org/10.31613/ceramist.2024.00094,Influence of the Binder properties on Silicon Anode for Solid-State Batteries,Ceramist,Ceramist,https://openalex.org/S4210195695,journal,1226-976X,"[""1226-976X"", ""2586-0631""]",2024.9.30,2024,article,0,0.14840943,,TRUE,5,Heetae Tak,Heetae Tak; Yuna Ko; S Oh; Yechan Park; Hyun Jung Park,"[{""display_name"": ""Heetae Tak"", ""id"": ""https://openalex.org/A5112914438"", ""orcid"": null, ""author_position"": ""first"", ""is_corresponding"": true}, {""display_name"": ""Yuna Ko"", ""id"": ""https://openalex.org/A5108995670"", ""orcid"": null, ""author_position"": ""middle"", ""is_corresponding"": false}, {""display_name"": ""S Oh"", ""id"": ""https://openalex.org/A5113029820"", ""orcid"": null, ""author_position"": ""middle"", ""is_corresponding"": false}, {""display_name"": ""Yechan Park"", ""id"": ""https://openalex.org/A5111351814"", ""orcid"": null, ""author_position"": ""middle"", ""is_corresponding"": false}, {""display_name"": ""Hyun Jung Park"", ""id"": ""https://openalex.org/A5101798349"", ""orcid"": ""https://orcid.org/0000-0001-9008-0224"", ""author_position"": ""last"", ""is_corresponding"": false}]",Overall Top Citation,2,FAIL_NO_CANDIDATE,TRUE,TRUE,success_landing,https://ceramist.or.kr/authors/copyright_transfer_agreement.php,Ceramist,temp,temp,Default,/tmp/seyong/download_runtime_profiles/argyrodite_full_run_20260312/pid_73558.pdf/temp/10.31613_ceramist.2024.00094.pdf,10.31613,1.77332E+12,1.77332E+12,1,1.399,Failed,FAIL_NO_CANDIDATE,FALSE,,drission,first,/Users/seyong/Desktop/SNU/26W_MDIL_Intern/paper_search/paper_download/outputs/argyrodite_rsc_and_failures_headless_rerun_20260313_pass3_resume,"[""pdf_link_not_found_or_download_failed"", ""{\""trace\"": [{\""strategy\"": \""api\"", \""reason\"": \""FAIL_TIMEOUT/NETWORK\"", \""evidence\"": [\""Publisher is Not recognized or Not supported, cannot use API method.\""]}]}""]"
https://openalex.org/W7117485436,10.1177/01445987251400457,https://doi.org/10.1177/01445987251400457,Computational and artificial intelligence-driven battery design of solid-state batteries,SAGE Publishing,Energy Exploration & Exploitation,https://openalex.org/S73050191,journal,0144-5987,"[""0144-5987"", ""2048-4054""]",2025.12.29,2025,article,0,0.59077451,,TRUE,5,Alen Rufus P,Alen Rufus P; Kanimozhi Gunasekaran; Ravi Samikannu; Maruliya Begam Kadarmydeen; Sivaram Murugan,"[{""display_name"": ""Alen Rufus P"", ""id"": ""https://openalex.org/A5121491703"", ""orcid"": null, ""author_position"": ""first"", ""is_corresponding"": false}, {""display_name"": ""Kanimozhi Gunasekaran"", ""id"": ""https://openalex.org/A5104257401"", ""orcid"": null, ""author_position"": ""middle"", ""is_corresponding"": true}, {""display_name"": ""Ravi Samikannu"", ""id"": ""https://openalex.org/A5121206837"", ""orcid"": null, ""author_position"": ""middle"", ""is_corresponding"": false}, {""display_name"": ""Maruliya Begam Kadarmydeen"", ""id"": ""https://openalex.org/A5094116618"", ""orcid"": null, ""author_position"": ""middle"", ""is_corresponding"": false}, {""display_name"": ""Sivaram Murugan"", ""id"": ""https://openalex.org/A5121505618"", ""orcid"": null, ""author_position"": ""last"", ""is_corresponding"": false}]",Overall Top Citation,2,FAIL_NO_CANDIDATE,TRUE,FALSE,challenge_or_block,https://journals.sagepub.com/doi/10.1177/01445987251400457?__cf_chl_rt_tk=kIzYXi62soGeMQ.9rVIjlyZMWi3oxMbQlXn2rqp4Ptk-1773319038-1.0.1.1-vqFclUAjwqyOkAkvpvGEsglwpEZjk8SWzmMEFCk6VTk,Just a moment...,temp,temp,Default,/tmp/seyong/download_runtime_profiles/argyrodite_full_run_20260312/pid_73558.pdf/temp/10.1177_01445987251400457.pdf,10.1177,1.77332E+12,1.77332E+12,1,1.772,Failed,FAIL_NO_CANDIDATE,FALSE,,drission,first,/Users/seyong/Desktop/SNU/26W_MDIL_Intern/paper_search/paper_download/outputs/argyrodite_rsc_and_failures_headless_rerun_20260313_pass3_resume,"[""pdf_link_not_found_or_download_failed"", ""{\""trace\"": [{\""strategy\"": \""api\"", \""reason\"": \""FAIL_TIMEOUT/NETWORK\"", \""evidence\"": [\""Publisher is Not recognized or Not supported, cannot use API method.\""]}]}""]"
https://openalex.org/W7119488823,10.5281/zenodo.17094734,https://doi.org/10.5281/zenodo.17094734,Synergistic Effects of Solid Electrolyte Mild Sintering and Lithium Surface Passivation for Enhanced Lithium Metal Cycling in All-Solid-State Batteries,European Organization for Nuclear Research,Zenodo (CERN European Organization for Nuclear Research),https://openalex.org/S4306400562,repository,,[],2026.1.8,2026,article,0,0.11541774,,TRUE,4,Jinsong Zhang,Jinsong Zhang; Robin Wullich; Mario El Kazzi; Thomas J. Schmidt,"[{""display_name"": ""Jinsong Zhang"", ""id"": ""https://openalex.org/A5122353066"", ""orcid"": null, ""author_position"": ""first"", ""is_corresponding"": true}, {""display_name"": ""Robin Wullich"", ""id"": ""https://openalex.org/A5092277442"", ""orcid"": null, ""author_position"": ""middle"", ""is_corresponding"": false}, {""display_name"": ""Mario El Kazzi"", ""id"": ""https://openalex.org/A5066147651"", ""orcid"": ""https://orcid.org/0000-0003-2975-0481"", ""author_position"": ""middle"", ""is_corresponding"": false}, {""display_name"": ""Thomas J. Schmidt"", ""id"": ""https://openalex.org/A5084722596"", ""orcid"": ""https://orcid.org/0000-0002-1636-367X"", ""author_position"": ""last"", ""is_corresponding"": false}]",Overall Top Citation,2,FAIL_NO_CANDIDATE,TRUE,TRUE,success_landing,https://zenodo.org/records/17094734,Synergistic Effects of Solid Electrolyte Mild Sintering and Lithium Surface Passivation for Enhanced Lithium Metal Cycling in All-Solid-State Batteries,temp,temp,Default,/tmp/seyong/download_runtime_profiles/argyrodite_full_run_20260312/pid_73558.pdf/temp/10.5281_zenodo.17094734.pdf,10.5281,1.77332E+12,1.77332E+12,1,1.033,Failed,FAIL_NO_CANDIDATE,FALSE,,drission,first,/Users/seyong/Desktop/SNU/26W_MDIL_Intern/paper_search/paper_download/outputs/argyrodite_rsc_and_failures_headless_rerun_20260313_pass3_resume,"[""pdf_link_not_found_or_download_failed"", ""{\""trace\"": [{\""strategy\"": \""api\"", \""reason\"": \""FAIL_TIMEOUT/NETWORK\"", \""evidence\"": [\""Publisher is Not recognized or Not supported, cannot use API method.\""]}]}""]"
https://openalex.org/W7119507076,10.5281/zenodo.17094733,https://doi.org/10.5281/zenodo.17094733,Synergistic Effects of Solid Electrolyte Mild Sintering and Lithium Surface Passivation for Enhanced Lithium Metal Cycling in All-Solid-State Batteries,European Organization for Nuclear Research,Zenodo (CERN European Organization for Nuclear Research),https://openalex.org/S4306400562,repository,,[],2026.1.8,2026,article,0,0.11683937,,TRUE,4,Jinsong Zhang,Jinsong Zhang; Robin Wullich; Mario El Kazzi; Thomas J. Schmidt,"[{""display_name"": ""Jinsong Zhang"", ""id"": ""https://openalex.org/A5122353066"", ""orcid"": null, ""author_position"": ""first"", ""is_corresponding"": true}, {""display_name"": ""Robin Wullich"", ""id"": ""https://openalex.org/A5092277442"", ""orcid"": null, ""author_position"": ""middle"", ""is_corresponding"": false}, {""display_name"": ""Mario El Kazzi"", ""id"": ""https://openalex.org/A5066147651"", ""orcid"": ""https://orcid.org/0000-0003-2975-0481"", ""author_position"": ""middle"", ""is_corresponding"": false}, {""display_name"": ""Thomas J. Schmidt"", ""id"": ""https://openalex.org/A5084722596"", ""orcid"": ""https://orcid.org/0000-0002-1636-367X"", ""author_position"": ""last"", ""is_corresponding"": false}]",Overall Top Citation,2,FAIL_NO_CANDIDATE,TRUE,TRUE,success_landing,https://zenodo.org/records/17094734,Synergistic Effects of Solid Electrolyte Mild Sintering and Lithium Surface Passivation for Enhanced Lithium Metal Cycling in All-Solid-State Batteries,temp,temp,Default,/tmp/seyong/download_runtime_profiles/argyrodite_full_run_20260312/pid_73558.pdf/temp/10.5281_zenodo.17094733.pdf,10.5281,1.77332E+12,1.77332E+12,0,1.713,Failed,FAIL_NO_CANDIDATE,FALSE,,drission,first,/Users/seyong/Desktop/SNU/26W_MDIL_Intern/paper_search/paper_download/outputs/argyrodite_rsc_and_failures_headless_rerun_20260313_pass3_resume,"[""pdf_link_not_found_or_download_failed"", ""{\""trace\"": [{\""strategy\"": \""api\"", \""reason\"": \""FAIL_TIMEOUT/NETWORK\"", \""evidence\"": [\""Publisher is Not recognized or Not supported, cannot use API method.\""]}]}""]"